{"cameraMode":{"drawMode":0,"name":"Shaded","section":"Shading Mode"},"sceneLighting":false,"audioPlay":false,"sceneViewState":{"m_AlwaysRefresh":false,"showFog":true,"showSkybox":false,"showFlares":true,"showImageEffects":true,"showParticleSystems":true,"showVisualEffectGraphs":true,"m_FxEnabled":true},"in2DMode":false,"pivot":{"x":-2.2879765033721926,"y":-7.89011812210083,"z":5.339108467102051},"rotation":{"x":-0.1497359573841095,"y":0.012452132999897004,"z":-0.0019051916897296906,"w":-0.9886725544929504},"size":25.671524047851564,"orthographic":false}