{"cameraMode":{"drawMode":0,"name":"Shaded","section":"Shading Mode"},"sceneLighting":false,"audioPlay":false,"sceneViewState":{"m_AlwaysRefresh":false,"showFog":true,"showSkybox":false,"showFlares":true,"showImageEffects":true,"showParticleSystems":true,"showVisualEffectGraphs":true,"m_FxEnabled":true},"in2DMode":false,"pivot":{"x":-31.278362274169923,"y":-30.797021865844728,"z":12.148759841918946},"rotation":{"x":0.3776717782020569,"y":-0.43103599548339846,"z":0.2053162157535553,"w":0.7934686541557312},"size":39.272274017333987,"orthographic":false}