{"cameraMode":{"drawMode":0,"name":"Shaded","section":"Shading Mode"},"sceneLighting":false,"audioPlay":false,"sceneViewState":{"m_AlwaysRefresh":false,"showFog":true,"showSkybox":false,"showFlares":true,"showImageEffects":true,"showParticleSystems":true,"showVisualEffectGraphs":true,"m_FxEnabled":true},"in2DMode":false,"pivot":{"x":-0.19015896320343018,"y":2.480928659439087,"z":3.4585764408111574},"rotation":{"x":0.15349677205085755,"y":-0.7080179452896118,"z":0.16234180331230164,"w":0.6700047850608826},"size":2.6659340858459474,"orthographic":false}