{"cameraMode":{"drawMode":0,"name":"Shaded","section":"Shading Mode"},"sceneLighting":false,"audioPlay":false,"sceneViewState":{"m_AlwaysRefresh":false,"showFog":true,"showSkybox":false,"showFlares":true,"showImageEffects":true,"showParticleSystems":true,"showVisualEffectGraphs":true,"m_FxEnabled":true},"in2DMode":false,"pivot":{"x":-0.8226686716079712,"y":0.23983722925186158,"z":0.28119373321533205},"rotation":{"x":-0.1145535260438919,"y":0.13015760481357575,"z":-0.015184053219854832,"w":-0.9847761392593384},"size":1.6747055053710938,"orthographic":false}