{"cameraMode":{"drawMode":0,"name":"Shaded","section":"Shading Mode"},"sceneLighting":false,"audioPlay":false,"sceneViewState":{"m_AlwaysRefresh":false,"showFog":true,"showSkybox":false,"showFlares":true,"showImageEffects":true,"showParticleSystems":true,"showVisualEffectGraphs":true,"m_FxEnabled":true},"in2DMode":false,"pivot":{"x":2.8557231426239015,"y":1.9793764352798463,"z":-3.0437495708465578},"rotation":{"x":0.11702659726142883,"y":-0.4757674038410187,"z":0.06407657265663147,"w":0.8694708347320557},"size":2.932621717453003,"orthographic":false}