{"cameraMode":{"drawMode":0,"name":"Shaded","section":"Shading Mode"},"sceneLighting":false,"audioPlay":false,"sceneViewState":{"m_AlwaysRefresh":false,"showFog":true,"showSkybox":false,"showFlares":true,"showImageEffects":true,"showParticleSystems":true,"showVisualEffectGraphs":true,"m_FxEnabled":true},"in2DMode":false,"pivot":{"x":-1.2764570713043213,"y":0.8731180429458618,"z":1.1546012163162232},"rotation":{"x":-0.13479740917682649,"y":0.7009226679801941,"z":-0.13756974041461945,"w":-0.6867666840553284},"size":1.9006577730178834,"orthographic":false}