{"cameraMode":{"drawMode":0,"name":"Shaded","section":"Shading Mode"},"sceneLighting":false,"audioPlay":false,"sceneViewState":{"m_AlwaysRefresh":false,"showFog":true,"showSkybox":false,"showFlares":true,"showImageEffects":true,"showParticleSystems":true,"showVisualEffectGraphs":true,"m_FxEnabled":true},"in2DMode":false,"pivot":{"x":-0.21469201147556306,"y":-11.279770851135254,"z":0.4001164138317108},"rotation":{"x":-0.35116907954216006,"y":-0.0008482931298203766,"z":0.00030807717121206224,"w":-0.9363390803337097},"size":25.660181045532228,"orthographic":false}